<metadata xml:lang="en"><Esri><CreaDate>20200410</CreaDate><CreaTime>15132600</CreaTime><ArcGISFormat>1.0</ArcGISFormat><SyncOnce>FALSE</SyncOnce><DataProperties><lineage><Process ToolSource="c:\program files\arcgis\pro\Resources\ArcToolbox\Toolboxes\Data Management Tools.tbx\UpdateSchema" Date="20200410" Time="151326">UpdateSchema "CIMDATA=&lt;CIMStandardDataConnection xsi:type='typens:CIMStandardDataConnection' xmlns:xsi='http://www.w3.org/2001/XMLSchema-instance' xmlns:xs='http://www.w3.org/2001/XMLSchema' xmlns:typens='http://www.esri.com/schemas/ArcGIS/2.3.0'&gt;&lt;WorkspaceConnectionString&gt;DATABASE=H:\GEO5418\ProjectFiles&lt;/WorkspaceConnectionString&gt;&lt;WorkspaceFactory&gt;Shapefile&lt;/WorkspaceFactory&gt;&lt;Dataset&gt;Wireless_Mesh_AP_point.shp&lt;/Dataset&gt;&lt;DatasetType&gt;esriDTFeatureClass&lt;/DatasetType&gt;&lt;/CIMStandardDataConnection&gt;" &lt;operationSequence&gt;&lt;workflow&gt;&lt;AddField&gt;&lt;field_name&gt;Manufact&lt;/field_name&gt;&lt;field_type&gt;TEXT&lt;/field_type&gt;&lt;field_length&gt;15&lt;/field_length&gt;&lt;field_is_nullable&gt;False&lt;/field_is_nullable&gt;&lt;field_is_required&gt;False&lt;/field_is_required&gt;&lt;/AddField&gt;&lt;/workflow&gt;&lt;workflow&gt;&lt;AddField&gt;&lt;field_name&gt;Model&lt;/field_name&gt;&lt;field_type&gt;TEXT&lt;/field_type&gt;&lt;field_length&gt;15&lt;/field_length&gt;&lt;field_is_nullable&gt;False&lt;/field_is_nullable&gt;&lt;field_is_required&gt;False&lt;/field_is_required&gt;&lt;/AddField&gt;&lt;/workflow&gt;&lt;/operationSequence&gt;</Process><Process ToolSource="c:\program files\arcgis\pro\Resources\ArcToolbox\toolboxes\Data Management Tools.tbx\CalculateField" Date="20200410" Time="151521">CalculateField Wireless_Mesh_AP_point Manufact "RUCKUS" "Python 3" #</Process><Process ToolSource="c:\program files\arcgis\pro\Resources\ArcToolbox\toolboxes\Data Management Tools.tbx\CalculateField" Date="20200410" Time="151554">CalculateField Wireless_Mesh_AP_point Model "T610" "Python 3" #</Process><Process ToolSource="c:\program files\arcgis\pro\Resources\ArcToolbox\toolboxes\Conversion Tools.tbx\FeatureClassToFeatureClass" Date="20210402" Time="084256">FeatureClassToFeatureClass Wireless_Mesh_AP_point C:\Users\tb1302\Documents\GEO5419\Project\Signal_Propagation\Signal_Propagation.gdb WAP_StudyArea # "ID "ID" true true false 11 Double 0 11,First,#,Wireless_Mesh_AP_point,ID,-1,-1;ROUTE "ROUTE" true true false 10 Text 0 0,First,#,Wireless_Mesh_AP_point,ROUTE,0,10;TYPE "TYPE" true true false 20 Text 0 0,First,#,Wireless_Mesh_AP_point,TYPE,0,20;SIZE "SIZE" true true false 6 Long 0 6,First,#,Wireless_Mesh_AP_point,SIZE,-1,-1;DESCRIPTIO "DESCRIPTIO" true true false 50 Text 0 0,First,#,Wireless_Mesh_AP_point,DESCRIPTIO,0,50;STRUCTURE "STRUCTURE" true true false 9 Text 0 0,First,#,Wireless_Mesh_AP_point,STRUCTURE,0,9;COMPLEMENT "COMPLEMENT" true true false 254 Text 0 0,First,#,Wireless_Mesh_AP_point,COMPLEMENT,0,254;MATERIALCO "MATERIALCO" true true false 10 Text 0 0,First,#,Wireless_Mesh_AP_point,MATERIALCO,0,10;WONUMBER "WONUMBER" true true false 50 Text 0 0,First,#,Wireless_Mesh_AP_point,WONUMBER,0,50;POSTINGSTA "POSTINGSTA" true true false 3 Text 0 0,First,#,Wireless_Mesh_AP_point,POSTINGSTA,0,3;DATEPLACED "DATEPLACED" true true false 20 Text 0 0,First,#,Wireless_Mesh_AP_point,DATEPLACED,0,20;DATERETIRE "DATERETIRE" true true false 20 Text 0 0,First,#,Wireless_Mesh_AP_point,DATERETIRE,0,20;FCCCODE "FCCCODE" true true false 50 Text 0 0,First,#,Wireless_Mesh_AP_point,FCCCODE,0,50;TAXID "TAXID" true true false 50 Text 0 0,First,#,Wireless_Mesh_AP_point,TAXID,0,50;COST "COST" true true false 11 Double 0 11,First,#,Wireless_Mesh_AP_point,COST,-1,-1;FILL "FILL" true true false 6 Long 0 6,First,#,Wireless_Mesh_AP_point,FILL,-1,-1;DBLOSS "DBLOSS" true true false 50 Text 0 0,First,#,Wireless_Mesh_AP_point,DBLOSS,0,50;M4_LYR "M4_LYR" true true false 20 Double 0 20,First,#,Wireless_Mesh_AP_point,M4_LYR,-1,-1;M4_ROT "M4_ROT" true true false 20 Double 10 19,First,#,Wireless_Mesh_AP_point,M4_ROT,-1,-1;M4_SYM "M4_SYM" true true false 20 Double 0 20,First,#,Wireless_Mesh_AP_point,M4_SYM,-1,-1;M4_TXT "M4_TXT" true true false 250 Text 0 0,First,#,Wireless_Mesh_AP_point,M4_TXT,0,250;Manufact "Manufact" true true false 15 Text 0 0,First,#,Wireless_Mesh_AP_point,Manufact,0,15;Model "Model" true true false 15 Text 0 0,First,#,Wireless_Mesh_AP_point,Model,0,15" #</Process><Process ToolSource="c:\program files\arcgis\pro\Resources\ArcToolbox\toolboxes\Data Management Tools.tbx\UpdateSchema" Date="20210402" Time="144949">UpdateSchema "CIMDATA=&lt;CIMStandardDataConnection xsi:type='typens:CIMStandardDataConnection' xmlns:xsi='http://www.w3.org/2001/XMLSchema-instance' xmlns:xs='http://www.w3.org/2001/XMLSchema' xmlns:typens='http://www.esri.com/schemas/ArcGIS/2.5.0'&gt;&lt;WorkspaceConnectionString&gt;DATABASE=C:\Users\tb1302\Documents\GEO5419\Project\Signal_Propagation\Signal_Propagation.gdb&lt;/WorkspaceConnectionString&gt;&lt;WorkspaceFactory&gt;FileGDB&lt;/WorkspaceFactory&gt;&lt;Dataset&gt;WAP_StudyArea&lt;/Dataset&gt;&lt;DatasetType&gt;esriDTFeatureClass&lt;/DatasetType&gt;&lt;/CIMStandardDataConnection&gt;" &lt;operationSequence&gt;&lt;workflow&gt;&lt;AddField&gt;&lt;field_name&gt;HEIGHT&lt;/field_name&gt;&lt;field_type&gt;FLOAT&lt;/field_type&gt;&lt;field_length&gt;6&lt;/field_length&gt;&lt;field_alias&gt;HEIGHT&lt;/field_alias&gt;&lt;field_is_nullable&gt;True&lt;/field_is_nullable&gt;&lt;field_is_required&gt;False&lt;/field_is_required&gt;&lt;/AddField&gt;&lt;/workflow&gt;&lt;/operationSequence&gt;</Process><Process ToolSource="c:\program files\arcgis\pro\Resources\ArcToolbox\toolboxes\Conversion Tools.tbx\FeatureClassToFeatureClass" Date="20210417" Time="120338">FeatureClassToFeatureClass WAP_StudyArea C:\Users\tb1302\Documents\GEO5419\Project\Signal_Propagation\Signal_Propagation.gdb RADIO_POINTS_TXST # "ID "ID" true true false 8 Double 0 0,First,#,WAP_StudyArea,ID,-1,-1;ROUTE "ROUTE" true true false 10 Text 0 0,First,#,WAP_StudyArea,ROUTE,0,10;TYPE "TYPE" true true false 20 Text 0 0,First,#,WAP_StudyArea,TYPE,0,20;SIZE "SIZE" true true false 4 Long 0 0,First,#,WAP_StudyArea,SIZE,-1,-1;DESCRIPTIO "DESCRIPTIO" true true false 50 Text 0 0,First,#,WAP_StudyArea,DESCRIPTIO,0,50;STRUCTURE "STRUCTURE" true true false 9 Text 0 0,First,#,WAP_StudyArea,STRUCTURE,0,9;COMPLEMENT "COMPLEMENT" true true false 254 Text 0 0,First,#,WAP_StudyArea,COMPLEMENT,0,254;MATERIALCO "MATERIALCO" true true false 10 Text 0 0,First,#,WAP_StudyArea,MATERIALCO,0,10;WONUMBER "WONUMBER" true true false 50 Text 0 0,First,#,WAP_StudyArea,WONUMBER,0,50;POSTINGSTA "POSTINGSTA" true true false 3 Text 0 0,First,#,WAP_StudyArea,POSTINGSTA,0,3;DATEPLACED "DATEPLACED" true true false 20 Text 0 0,First,#,WAP_StudyArea,DATEPLACED,0,20;DATERETIRE "DATERETIRE" true true false 20 Text 0 0,First,#,WAP_StudyArea,DATERETIRE,0,20;FCCCODE "FCCCODE" true true false 50 Text 0 0,First,#,WAP_StudyArea,FCCCODE,0,50;TAXID "TAXID" true true false 50 Text 0 0,First,#,WAP_StudyArea,TAXID,0,50;COST "COST" true true false 8 Double 0 0,First,#,WAP_StudyArea,COST,-1,-1;FILL "FILL" true true false 4 Long 0 0,First,#,WAP_StudyArea,FILL,-1,-1;DBLOSS "DBLOSS" true true false 50 Text 0 0,First,#,WAP_StudyArea,DBLOSS,0,50;M4_LYR "M4_LYR" true true false 8 Double 0 0,First,#,WAP_StudyArea,M4_LYR,-1,-1;M4_ROT "M4_ROT" true true false 8 Double 0 0,First,#,WAP_StudyArea,M4_ROT,-1,-1;M4_SYM "M4_SYM" true true false 8 Double 0 0,First,#,WAP_StudyArea,M4_SYM,-1,-1;M4_TXT "M4_TXT" true true false 250 Text 0 0,First,#,WAP_StudyArea,M4_TXT,0,250;Manufact "Manufact" true true false 15 Text 0 0,First,#,WAP_StudyArea,Manufact,0,15;Model "Model" true true false 15 Text 0 0,First,#,WAP_StudyArea,Model,0,15;HEIGHT "HEIGHT" true true false 4 Float 0 0,First,#,WAP_StudyArea,HEIGHT,-1,-1" #</Process><Process ToolSource="c:\program files\arcgis\pro\Resources\ArcToolbox\Toolboxes\Data Management Tools.tbx\UpdateSchema" Date="20210417" Time="120437">UpdateSchema "CIMDATA=&lt;CIMStandardDataConnection xsi:type='typens:CIMStandardDataConnection' xmlns:xsi='http://www.w3.org/2001/XMLSchema-instance' xmlns:xs='http://www.w3.org/2001/XMLSchema' xmlns:typens='http://www.esri.com/schemas/ArcGIS/2.5.0'&gt;&lt;WorkspaceConnectionString&gt;DATABASE=C:\Users\tb1302\Documents\GEO5419\Project\Signal_Propagation\Signal_Propagation.gdb&lt;/WorkspaceConnectionString&gt;&lt;WorkspaceFactory&gt;FileGDB&lt;/WorkspaceFactory&gt;&lt;Dataset&gt;RADIO_POINTS_TXST&lt;/Dataset&gt;&lt;DatasetType&gt;esriDTFeatureClass&lt;/DatasetType&gt;&lt;/CIMStandardDataConnection&gt;" &lt;operationSequence&gt;&lt;workflow&gt;&lt;AlterField&gt;&lt;field_name&gt;HEIGHT&lt;/field_name&gt;&lt;new_field_name&gt;OFFSETA&lt;/new_field_name&gt;&lt;field_is_nullable&gt;True&lt;/field_is_nullable&gt;&lt;clear_field_alias&gt;False&lt;/clear_field_alias&gt;&lt;/AlterField&gt;&lt;/workflow&gt;&lt;/operationSequence&gt;</Process><Process ToolSource="c:\program files\arcgis\pro\Resources\ArcToolbox\Toolboxes\Data Management Tools.tbx\UpdateSchema" Date="20210417" Time="120518">UpdateSchema "CIMDATA=&lt;CIMStandardDataConnection xsi:type='typens:CIMStandardDataConnection' xmlns:xsi='http://www.w3.org/2001/XMLSchema-instance' xmlns:xs='http://www.w3.org/2001/XMLSchema' xmlns:typens='http://www.esri.com/schemas/ArcGIS/2.5.0'&gt;&lt;WorkspaceConnectionString&gt;DATABASE=C:\Users\tb1302\Documents\GEO5419\Project\Signal_Propagation\Signal_Propagation.gdb&lt;/WorkspaceConnectionString&gt;&lt;WorkspaceFactory&gt;FileGDB&lt;/WorkspaceFactory&gt;&lt;Dataset&gt;RADIO_POINTS_TXST&lt;/Dataset&gt;&lt;DatasetType&gt;esriDTFeatureClass&lt;/DatasetType&gt;&lt;/CIMStandardDataConnection&gt;" &lt;operationSequence&gt;&lt;workflow&gt;&lt;AddField&gt;&lt;field_name&gt;OFFSETB&lt;/field_name&gt;&lt;field_type&gt;FLOAT&lt;/field_type&gt;&lt;field_alias&gt;AP_HEIGHT&lt;/field_alias&gt;&lt;field_is_nullable&gt;True&lt;/field_is_nullable&gt;&lt;field_is_required&gt;False&lt;/field_is_required&gt;&lt;/AddField&gt;&lt;/workflow&gt;&lt;/operationSequence&gt;</Process><Process ToolSource="c:\program files\arcgis\pro\Resources\ArcToolbox\Toolboxes\Data Management Tools.tbx\UpdateSchema" Date="20210417" Time="121002">UpdateSchema "CIMDATA=&lt;CIMStandardDataConnection xsi:type='typens:CIMStandardDataConnection' xmlns:xsi='http://www.w3.org/2001/XMLSchema-instance' xmlns:xs='http://www.w3.org/2001/XMLSchema' xmlns:typens='http://www.esri.com/schemas/ArcGIS/2.5.0'&gt;&lt;WorkspaceConnectionString&gt;DATABASE=C:\Users\tb1302\Documents\GEO5419\Project\Signal_Propagation\Signal_Propagation.gdb&lt;/WorkspaceConnectionString&gt;&lt;WorkspaceFactory&gt;FileGDB&lt;/WorkspaceFactory&gt;&lt;Dataset&gt;RADIO_POINTS_TXST&lt;/Dataset&gt;&lt;DatasetType&gt;esriDTFeatureClass&lt;/DatasetType&gt;&lt;/CIMStandardDataConnection&gt;" "&lt;operationSequence&gt;&lt;workflow&gt;&lt;AddField&gt;&lt;field_name&gt;GRND_HEIGHT&lt;/field_name&gt;&lt;field_type&gt;FLOAT&lt;/field_type&gt;&lt;field_alias&gt;Ground Height&lt;/field_alias&gt;&lt;field_is_nullable&gt;True&lt;/field_is_nullable&gt;&lt;field_is_required&gt;False&lt;/field_is_required&gt;&lt;/AddField&gt;&lt;/workflow&gt;&lt;workflow&gt;&lt;AddField&gt;&lt;field_name&gt;ROOF_HEIGHT&lt;/field_name&gt;&lt;field_type&gt;FLOAT&lt;/field_type&gt;&lt;field_alias&gt;ROOF HEIGHT&lt;/field_alias&gt;&lt;field_is_nullable&gt;True&lt;/field_is_nullable&gt;&lt;field_is_required&gt;False&lt;/field_is_required&gt;&lt;/AddField&gt;&lt;/workflow&gt;&lt;/operationSequence&gt;"</Process><Process ToolSource="c:\program files\arcgis\pro\Resources\ArcToolbox\Toolboxes\Data Management Tools.tbx\CalculateField" Date="20210417" Time="123018">CalculateField RADIO_POINTS_TXST OFFSETA apHeight(!ROOF_HEIGHT!,!GRND_HEIGHT!) "Python 3" "def apHeight(a,b):
    return(a-b)" Text</Process><Process ToolSource="c:\program files\arcgis\pro\Resources\ArcToolbox\Toolboxes\Data Management Tools.tbx\CalculateField" Date="20210417" Time="123044">CalculateField RADIO_POINTS_TXST OFFSETA apHeight(!ROOF_HEIGHT!,!GRND_HEIGHT!) "Python 3" "def apHeight(a,b):
    return(a-b)" Text</Process><Process ToolSource="c:\program files\arcgis\pro\Resources\ArcToolbox\Toolboxes\Data Management Tools.tbx\CalculateField" Date="20210417" Time="123111">CalculateField RADIO_POINTS_TXST OFFSETA apHeight(!ROOF_HEIGHT!,!GRND_HEIGHT!) "Python 3" "def apHeight(a,b):
    return((a-b)-.5)" Text</Process><Process ToolSource="c:\program files\arcgis\pro\Resources\ArcToolbox\toolboxes\Conversion Tools.tbx\FeatureClassToFeatureClass" Date="20210417" Time="124313">FeatureClassToFeatureClass RADIO_POINTS_TXST C:\Users\tb1302\Documents\GEO5419\Project\data RADIO_POINTS_TXST.shp # "ID "ID" true true false 8 Double 0 0,First,#,RADIO_POINTS_TXST,ID,-1,-1;ROUTE "ROUTE" true true false 10 Text 0 0,First,#,RADIO_POINTS_TXST,ROUTE,0,10;TYPE "TYPE" true true false 20 Text 0 0,First,#,RADIO_POINTS_TXST,TYPE,0,20;SIZE "SIZE" true true false 4 Long 0 0,First,#,RADIO_POINTS_TXST,SIZE,-1,-1;DESCRIPTIO "DESCRIPTIO" true true false 50 Text 0 0,First,#,RADIO_POINTS_TXST,DESCRIPTIO,0,50;STRUCTURE "STRUCTURE" true true false 9 Text 0 0,First,#,RADIO_POINTS_TXST,STRUCTURE,0,9;COMPLEMENT "COMPLEMENT" true true false 254 Text 0 0,First,#,RADIO_POINTS_TXST,COMPLEMENT,0,254;MATERIALCO "MATERIALCO" true true false 10 Text 0 0,First,#,RADIO_POINTS_TXST,MATERIALCO,0,10;WONUMBER "WONUMBER" true true false 50 Text 0 0,First,#,RADIO_POINTS_TXST,WONUMBER,0,50;POSTINGSTA "POSTINGSTA" true true false 3 Text 0 0,First,#,RADIO_POINTS_TXST,POSTINGSTA,0,3;DATEPLACED "DATEPLACED" true true false 20 Text 0 0,First,#,RADIO_POINTS_TXST,DATEPLACED,0,20;DATERETIRE "DATERETIRE" true true false 20 Text 0 0,First,#,RADIO_POINTS_TXST,DATERETIRE,0,20;FCCCODE "FCCCODE" true true false 50 Text 0 0,First,#,RADIO_POINTS_TXST,FCCCODE,0,50;TAXID "TAXID" true true false 50 Text 0 0,First,#,RADIO_POINTS_TXST,TAXID,0,50;COST "COST" true true false 8 Double 0 0,First,#,RADIO_POINTS_TXST,COST,-1,-1;FILL "FILL" true true false 4 Long 0 0,First,#,RADIO_POINTS_TXST,FILL,-1,-1;DBLOSS "DBLOSS" true true false 50 Text 0 0,First,#,RADIO_POINTS_TXST,DBLOSS,0,50;M4_LYR "M4_LYR" true true false 8 Double 0 0,First,#,RADIO_POINTS_TXST,M4_LYR,-1,-1;M4_ROT "M4_ROT" true true false 8 Double 0 0,First,#,RADIO_POINTS_TXST,M4_ROT,-1,-1;M4_SYM "M4_SYM" true true false 8 Double 0 0,First,#,RADIO_POINTS_TXST,M4_SYM,-1,-1;M4_TXT "M4_TXT" true true false 250 Text 0 0,First,#,RADIO_POINTS_TXST,M4_TXT,0,250;Manufact "Manufact" true true false 15 Text 0 0,First,#,RADIO_POINTS_TXST,Manufact,0,15;Model "Model" true true false 15 Text 0 0,First,#,RADIO_POINTS_TXST,Model,0,15;OFFSETA "HEIGHT" true true false 4 Float 0 0,First,#,RADIO_POINTS_TXST,OFFSETA,-1,-1;OFFSETB "AP_HEIGHT" true true false 4 Float 0 0,First,#,RADIO_POINTS_TXST,OFFSETB,-1,-1;GRND_HEIGH "Ground Height" true true false 4 Float 0 0,First,#,RADIO_POINTS_TXST,GRND_HEIGHT,-1,-1;ROOF_HEIGH "ROOF HEIGHT" true true false 4 Float 0 0,First,#,RADIO_POINTS_TXST,ROOF_HEIGHT,-1,-1" #</Process></lineage><itemProps><itemName Sync="TRUE">RADIO_POINTS_TXST</itemName><imsContentType Sync="TRUE">002</imsContentType><itemLocation><linkage Sync="TRUE">file://\\TAG223000\C$\Users\tb1302\Documents\GEO5419\Project\data\RADIO_POINTS_TXST.shp</linkage><protocol Sync="TRUE">Local Area Network</protocol></itemLocation><itemSize Sync="TRUE">0.000</itemSize></itemProps><coordRef><type Sync="TRUE">Projected</type><geogcsn Sync="TRUE">GCS_North_American_1983</geogcsn><csUnits Sync="TRUE">Linear Unit: Foot_US (0.304801)</csUnits><projcsn Sync="TRUE">NAD_1983_StatePlane_Texas_South_Central_FIPS_4204_Feet</projcsn><peXml Sync="TRUE">&lt;ProjectedCoordinateSystem xsi:type='typens:ProjectedCoordinateSystem' xmlns:xsi='http://www.w3.org/2001/XMLSchema-instance' xmlns:xs='http://www.w3.org/2001/XMLSchema' xmlns:typens='http://www.esri.com/schemas/ArcGIS/2.5.0'&gt;&lt;WKT&gt;PROJCS[&amp;quot;NAD_1983_StatePlane_Texas_South_Central_FIPS_4204_Feet&amp;quot;,GEOGCS[&amp;quot;GCS_North_American_1983&amp;quot;,DATUM[&amp;quot;D_North_American_1983&amp;quot;,SPHEROID[&amp;quot;GRS_1980&amp;quot;,6378137.0,298.257222101]],PRIMEM[&amp;quot;Greenwich&amp;quot;,0.0],UNIT[&amp;quot;Degree&amp;quot;,0.0174532925199433]],PROJECTION[&amp;quot;Lambert_Conformal_Conic&amp;quot;],PARAMETER[&amp;quot;False_Easting&amp;quot;,1968500.0],PARAMETER[&amp;quot;False_Northing&amp;quot;,13123333.33333333],PARAMETER[&amp;quot;Central_Meridian&amp;quot;,-99.0],PARAMETER[&amp;quot;Standard_Parallel_1&amp;quot;,28.38333333333333],PARAMETER[&amp;quot;Standard_Parallel_2&amp;quot;,30.28333333333333],PARAMETER[&amp;quot;Latitude_Of_Origin&amp;quot;,27.83333333333333],UNIT[&amp;quot;Foot_US&amp;quot;,0.3048006096012192],AUTHORITY[&amp;quot;EPSG&amp;quot;,2278]]&lt;/WKT&gt;&lt;XOrigin&gt;-126725700&lt;/XOrigin&gt;&lt;YOrigin&gt;-77828800&lt;/YOrigin&gt;&lt;XYScale&gt;34994581.165044695&lt;/XYScale&gt;&lt;ZOrigin&gt;-100000&lt;/ZOrigin&gt;&lt;ZScale&gt;10000&lt;/ZScale&gt;&lt;MOrigin&gt;-100000&lt;/MOrigin&gt;&lt;MScale&gt;10000&lt;/MScale&gt;&lt;XYTolerance&gt;0.0032808333333333331&lt;/XYTolerance&gt;&lt;ZTolerance&gt;0.001&lt;/ZTolerance&gt;&lt;MTolerance&gt;0.001&lt;/MTolerance&gt;&lt;HighPrecision&gt;true&lt;/HighPrecision&gt;&lt;WKID&gt;102740&lt;/WKID&gt;&lt;LatestWKID&gt;2278&lt;/LatestWKID&gt;&lt;/ProjectedCoordinateSystem&gt;</peXml></coordRef></DataProperties><SyncDate>20210417</SyncDate><SyncTime>12431300</SyncTime><ModDate>20210417</ModDate><ModTime>12431300</ModTime></Esri><dataIdInfo><envirDesc Sync="TRUE">Microsoft Windows 10 Version 10.0 (Build 19042) ; Esri ArcGIS 12.5.0.22081</envirDesc><dataLang><languageCode value="eng" Sync="TRUE"></languageCode><countryCode value="USA" Sync="TRUE"></countryCode></dataLang><idCitation><resTitle Sync="TRUE">RADIO_POINTS_TXST</resTitle><presForm><PresFormCd value="005" Sync="TRUE"></PresFormCd></presForm></idCitation><spatRpType><SpatRepTypCd value="001" Sync="TRUE"></SpatRepTypCd></spatRpType></dataIdInfo><mdLang><languageCode value="eng" Sync="TRUE"></languageCode><countryCode value="USA" Sync="TRUE"></countryCode></mdLang><distInfo><distFormat><formatName Sync="TRUE">Shapefile</formatName></distFormat><distTranOps><transSize Sync="TRUE">0.000</transSize></distTranOps></distInfo><mdHrLv><ScopeCd value="005" Sync="TRUE"></ScopeCd></mdHrLv><mdHrLvName Sync="TRUE">dataset</mdHrLvName><refSysInfo><RefSystem><refSysID><identCode code="2278" Sync="TRUE"></identCode><idCodeSpace Sync="TRUE">EPSG</idCodeSpace><idVersion Sync="TRUE">6.11(9.0.0)</idVersion></refSysID></RefSystem></refSysInfo><spatRepInfo><VectSpatRep><geometObjs Name="RADIO_POINTS_TXST"><geoObjTyp><GeoObjTypCd value="004" Sync="TRUE"></GeoObjTypCd></geoObjTyp><geoObjCnt Sync="TRUE">0</geoObjCnt></geometObjs><topLvl><TopoLevCd value="001" Sync="TRUE"></TopoLevCd></topLvl></VectSpatRep></spatRepInfo><spdoinfo><ptvctinf><esriterm Name="RADIO_POINTS_TXST"><efeatyp Sync="TRUE">Simple</efeatyp><efeageom code="1" Sync="TRUE"></efeageom><esritopo Sync="TRUE">FALSE</esritopo><efeacnt Sync="TRUE">0</efeacnt><spindex Sync="TRUE">FALSE</spindex><linrefer Sync="TRUE">FALSE</linrefer></esriterm></ptvctinf></spdoinfo><eainfo><detailed Name="RADIO_POINTS_TXST"><enttyp><enttypl Sync="TRUE">RADIO_POINTS_TXST</enttypl><enttypt Sync="TRUE">Feature Class</enttypt><enttypc Sync="TRUE">0</enttypc></enttyp><attr><attrlabl Sync="TRUE">FID</attrlabl><attalias Sync="TRUE">FID</attalias><attrtype Sync="TRUE">OID</attrtype><attwidth Sync="TRUE">4</attwidth><atprecis Sync="TRUE">0</atprecis><attscale Sync="TRUE">0</attscale><attrdef Sync="TRUE">Internal feature number.</attrdef><attrdefs Sync="TRUE">Esri</attrdefs><attrdomv><udom Sync="TRUE">Sequential unique whole numbers that are automatically generated.</udom></attrdomv></attr><attr><attrlabl Sync="TRUE">Shape</attrlabl><attalias Sync="TRUE">Shape</attalias><attrtype Sync="TRUE">Geometry</attrtype><attwidth Sync="TRUE">0</attwidth><atprecis Sync="TRUE">0</atprecis><attscale Sync="TRUE">0</attscale><attrdef Sync="TRUE">Feature geometry.</attrdef><attrdefs Sync="TRUE">Esri</attrdefs><attrdomv><udom Sync="TRUE">Coordinates defining the features.</udom></attrdomv></attr><attr><attrlabl Sync="TRUE">ID</attrlabl><attalias Sync="TRUE">ID</attalias><attrtype Sync="TRUE">Double</attrtype><attwidth Sync="TRUE">19</attwidth><atprecis Sync="TRUE">0</atprecis><attscale Sync="TRUE">0</attscale></attr><attr><attrlabl Sync="TRUE">ROUTE</attrlabl><attalias Sync="TRUE">ROUTE</attalias><attrtype Sync="TRUE">String</attrtype><attwidth Sync="TRUE">10</attwidth><atprecis Sync="TRUE">0</atprecis><attscale Sync="TRUE">0</attscale></attr><attr><attrlabl Sync="TRUE">TYPE</attrlabl><attalias Sync="TRUE">TYPE</attalias><attrtype Sync="TRUE">String</attrtype><attwidth Sync="TRUE">20</attwidth><atprecis Sync="TRUE">0</atprecis><attscale Sync="TRUE">0</attscale></attr><attr><attrlabl Sync="TRUE">SIZE</attrlabl><attalias Sync="TRUE">SIZE</attalias><attrtype Sync="TRUE">Integer</attrtype><attwidth Sync="TRUE">10</attwidth><atprecis Sync="TRUE">10</atprecis><attscale Sync="TRUE">0</attscale></attr><attr><attrlabl Sync="TRUE">DESCRIPTIO</attrlabl><attalias Sync="TRUE">DESCRIPTIO</attalias><attrtype Sync="TRUE">String</attrtype><attwidth Sync="TRUE">50</attwidth><atprecis Sync="TRUE">0</atprecis><attscale Sync="TRUE">0</attscale></attr><attr><attrlabl Sync="TRUE">STRUCTURE</attrlabl><attalias Sync="TRUE">STRUCTURE</attalias><attrtype Sync="TRUE">String</attrtype><attwidth Sync="TRUE">9</attwidth><atprecis Sync="TRUE">0</atprecis><attscale Sync="TRUE">0</attscale></attr><attr><attrlabl Sync="TRUE">COMPLEMENT</attrlabl><attalias Sync="TRUE">COMPLEMENT</attalias><attrtype Sync="TRUE">String</attrtype><attwidth Sync="TRUE">254</attwidth><atprecis Sync="TRUE">0</atprecis><attscale Sync="TRUE">0</attscale></attr><attr><attrlabl Sync="TRUE">MATERIALCO</attrlabl><attalias Sync="TRUE">MATERIALCO</attalias><attrtype Sync="TRUE">String</attrtype><attwidth Sync="TRUE">10</attwidth><atprecis Sync="TRUE">0</atprecis><attscale Sync="TRUE">0</attscale></attr><attr><attrlabl Sync="TRUE">WONUMBER</attrlabl><attalias Sync="TRUE">WONUMBER</attalias><attrtype Sync="TRUE">String</attrtype><attwidth Sync="TRUE">50</attwidth><atprecis Sync="TRUE">0</atprecis><attscale Sync="TRUE">0</attscale></attr><attr><attrlabl Sync="TRUE">POSTINGSTA</attrlabl><attalias Sync="TRUE">POSTINGSTA</attalias><attrtype Sync="TRUE">String</attrtype><attwidth Sync="TRUE">3</attwidth><atprecis Sync="TRUE">0</atprecis><attscale Sync="TRUE">0</attscale></attr><attr><attrlabl Sync="TRUE">DATEPLACED</attrlabl><attalias Sync="TRUE">DATEPLACED</attalias><attrtype Sync="TRUE">String</attrtype><attwidth Sync="TRUE">20</attwidth><atprecis Sync="TRUE">0</atprecis><attscale Sync="TRUE">0</attscale></attr><attr><attrlabl Sync="TRUE">DATERETIRE</attrlabl><attalias Sync="TRUE">DATERETIRE</attalias><attrtype Sync="TRUE">String</attrtype><attwidth Sync="TRUE">20</attwidth><atprecis Sync="TRUE">0</atprecis><attscale Sync="TRUE">0</attscale></attr><attr><attrlabl Sync="TRUE">FCCCODE</attrlabl><attalias Sync="TRUE">FCCCODE</attalias><attrtype Sync="TRUE">String</attrtype><attwidth Sync="TRUE">50</attwidth><atprecis Sync="TRUE">0</atprecis><attscale Sync="TRUE">0</attscale></attr><attr><attrlabl Sync="TRUE">TAXID</attrlabl><attalias Sync="TRUE">TAXID</attalias><attrtype Sync="TRUE">String</attrtype><attwidth Sync="TRUE">50</attwidth><atprecis Sync="TRUE">0</atprecis><attscale Sync="TRUE">0</attscale></attr><attr><attrlabl Sync="TRUE">COST</attrlabl><attalias Sync="TRUE">COST</attalias><attrtype Sync="TRUE">Double</attrtype><attwidth Sync="TRUE">19</attwidth><atprecis Sync="TRUE">0</atprecis><attscale Sync="TRUE">0</attscale></attr><attr><attrlabl Sync="TRUE">FILL</attrlabl><attalias Sync="TRUE">FILL</attalias><attrtype Sync="TRUE">Integer</attrtype><attwidth Sync="TRUE">10</attwidth><atprecis Sync="TRUE">10</atprecis><attscale Sync="TRUE">0</attscale></attr><attr><attrlabl Sync="TRUE">DBLOSS</attrlabl><attalias Sync="TRUE">DBLOSS</attalias><attrtype Sync="TRUE">String</attrtype><attwidth Sync="TRUE">50</attwidth><atprecis Sync="TRUE">0</atprecis><attscale Sync="TRUE">0</attscale></attr><attr><attrlabl Sync="TRUE">M4_LYR</attrlabl><attalias Sync="TRUE">M4_LYR</attalias><attrtype Sync="TRUE">Double</attrtype><attwidth Sync="TRUE">19</attwidth><atprecis Sync="TRUE">0</atprecis><attscale Sync="TRUE">0</attscale></attr><attr><attrlabl Sync="TRUE">M4_ROT</attrlabl><attalias Sync="TRUE">M4_ROT</attalias><attrtype Sync="TRUE">Double</attrtype><attwidth Sync="TRUE">19</attwidth><atprecis Sync="TRUE">0</atprecis><attscale Sync="TRUE">0</attscale></attr><attr><attrlabl Sync="TRUE">M4_SYM</attrlabl><attalias Sync="TRUE">M4_SYM</attalias><attrtype Sync="TRUE">Double</attrtype><attwidth Sync="TRUE">19</attwidth><atprecis Sync="TRUE">0</atprecis><attscale Sync="TRUE">0</attscale></attr><attr><attrlabl Sync="TRUE">M4_TXT</attrlabl><attalias Sync="TRUE">M4_TXT</attalias><attrtype Sync="TRUE">String</attrtype><attwidth Sync="TRUE">250</attwidth><atprecis Sync="TRUE">0</atprecis><attscale Sync="TRUE">0</attscale></attr><attr><attrlabl Sync="TRUE">Manufact</attrlabl><attalias Sync="TRUE">Manufact</attalias><attrtype Sync="TRUE">String</attrtype><attwidth Sync="TRUE">15</attwidth><atprecis Sync="TRUE">0</atprecis><attscale Sync="TRUE">0</attscale></attr><attr><attrlabl Sync="TRUE">Model</attrlabl><attalias Sync="TRUE">Model</attalias><attrtype Sync="TRUE">String</attrtype><attwidth Sync="TRUE">15</attwidth><atprecis Sync="TRUE">0</atprecis><attscale Sync="TRUE">0</attscale></attr><attr><attrlabl Sync="TRUE">OFFSETA</attrlabl><attalias Sync="TRUE">OFFSETA</attalias><attrtype Sync="TRUE">Single</attrtype><attwidth Sync="TRUE">13</attwidth><atprecis Sync="TRUE">0</atprecis><attscale Sync="TRUE">0</attscale></attr><attr><attrlabl Sync="TRUE">OFFSETB</attrlabl><attalias Sync="TRUE">OFFSETB</attalias><attrtype Sync="TRUE">Single</attrtype><attwidth Sync="TRUE">13</attwidth><atprecis Sync="TRUE">0</atprecis><attscale Sync="TRUE">0</attscale></attr><attr><attrlabl Sync="TRUE">GRND_HEIGH</attrlabl><attalias Sync="TRUE">GRND_HEIGH</attalias><attrtype Sync="TRUE">Single</attrtype><attwidth Sync="TRUE">13</attwidth><atprecis Sync="TRUE">0</atprecis><attscale Sync="TRUE">0</attscale></attr><attr><attrlabl Sync="TRUE">ROOF_HEIGH</attrlabl><attalias Sync="TRUE">ROOF_HEIGH</attalias><attrtype Sync="TRUE">Single</attrtype><attwidth Sync="TRUE">13</attwidth><atprecis Sync="TRUE">0</atprecis><attscale Sync="TRUE">0</attscale></attr></detailed></eainfo><mdDateSt Sync="TRUE">20210417</mdDateSt></metadata>
